labels,att1,att2,att3,att4,att5,att6,att7,att8,att9
anomaly,51.0,23.0,77.0,0.0,28.0,0.0,26.0,48.0,22.0
anomaly,42.0,23.0,77.0,0.0,28.0,0.0,34.0,48.0,14.0
anomaly,50.0,23.0,77.0,0.0,-22.0,0.0,27.0,101.0,74.0
anomaly,42.0,22.0,77.0,0.0,28.0,0.0,35.0,48.0,14.0
anomaly,49.0,31.0,77.0,0.0,-22.0,0.0,28.0,101.0,72.0
anomaly,48.0,45.0,77.0,0.0,-22.0,0.0,29.0,101.0,72.0
anomaly,50.0,22.0,77.0,0.0,28.0,0.0,26.0,48.0,22.0
anomaly,42.0,23.0,77.0,0.0,28.0,0.0,35.0,48.0,14.0
anomaly,57.0,92.0,80.0,0.0,34.0,0.0,23.0,46.0,24.0
anomaly,44.0,27.0,77.0,0.0,28.0,0.0,33.0,48.0,16.0
anomaly,49.0,22.0,79.0,0.0,42.0,0.0,30.0,37.0,8.0
anomaly,64.0,78.0,82.0,0.0,-42.0,-6.0,18.0,126.0,108.0
anomaly,47.0,22.0,79.0,0.0,42.0,0.0,31.0,37.0,6.0
nominal,49.0,1.0,78.0,0.0,46.0,-6.0,29.0,32.0,2.0
nominal,53.0,3.0,86.0,-1.0,52.0,-12.0,33.0,34.0,2.0
nominal,56.0,4.0,77.0,0.0,16.0,-3.0,22.0,62.0,40.0
nominal,50.0,-1.0,107.0,0.0,50.0,0.0,56.0,58.0,2.0
nominal,55.0,-1.0,98.0,0.0,50.0,-21.0,42.0,49.0,6.0
nominal,43.0,0.0,84.0,0.0,44.0,26.0,41.0,40.0,0.0
nominal,37.0,0.0,97.0,0.0,28.0,-14.0,60.0,69.0,8.0
nominal,41.0,0.0,106.0,0.0,42.0,16.0,64.0,64.0,0.0
nominal,41.0,0.0,81.0,0.0,38.0,-24.0,40.0,43.0,2.0
nominal,37.0,0.0,77.0,0.0,26.0,-7.0,40.0,51.0,10.0
nominal,51.0,5.0,81.0,0.0,50.0,-12.0,29.0,32.0,2.0
nominal,51.0,4.0,83.0,0.0,52.0,7.0,31.0,31.0,0.0
nominal,55.0,0.0,92.0,0.0,30.0,-6.0,37.0,61.0,24.0
nominal,61.0,-1.0,111.0,0.0,60.0,-19.0,50.0,52.0,2.0
nominal,37.0,0.0,86.0,-3.0,36.0,0.0,49.0,50.0,0.0
nominal,46.0,1.0,86.0,3.0,46.0,0.0,40.0,39.0,0.0
nominal,37.0,0.0,77.0,0.0,10.0,4.0,40.0,66.0,26.0
nominal,106.0,-1.0,108.0,0.0,72.0,3.0,1.0,35.0,34.0
nominal,47.0,-5.0,90.0,0.0,46.0,0.0,43.0,43.0,0.0
nominal,55.0,0.0,92.0,0.0,36.0,-5.0,37.0,56.0,20.0
nominal,55.0,2.0,84.0,0.0,54.0,0.0,30.0,30.0,0.0
nominal,39.0,-6.0,91.0,0.0,6.0,21.0,52.0,86.0,34.0
nominal,56.0,0.0,96.0,6.0,52.0,0.0,40.0,44.0,4.0
nominal,37.0,0.0,77.0,0.0,26.0,0.0,40.0,51.0,10.0
nominal,37.0,0.0,83.0,5.0,0.0,0.0,47.0,83.0,36.0
nominal,79.0,5.0,83.0,1.0,-40.0,9.0,4.0,125.0,120.0
nominal,37.0,0.0,83.0,-7.0,18.0,0.0,47.0,65.0,18.0
nominal,37.0,0.0,79.0,0.0,34.0,-4.0,41.0,45.0,4.0
nominal,41.0,0.0,80.0,-6.0,42.0,0.0,39.0,39.0,0.0
nominal,55.0,0.0,79.0,0.0,54.0,-3.0,24.0,25.0,2.0
nominal,55.0,0.0,78.0,0.0,16.0,-22.0,23.0,63.0,40.0
nominal,51.0,0.0,83.0,1.0,52.0,5.0,31.0,31.0,0.0
nominal,48.0,0.0,78.0,0.0,50.0,22.0,30.0,29.0,0.0
nominal,44.0,1.0,81.0,0.0,44.0,13.0,37.0,37.0,0.0
nominal,55.0,0.0,88.0,-1.0,54.0,0.0,34.0,34.0,0.0
nominal,56.0,0.0,77.0,1.0,-6.0,0.0,21.0,85.0,64.0
nominal,85.0,0.0,88.0,-1.0,0.0,0.0,3.0,88.0,84.0
nominal,46.0,0.0,107.0,0.0,46.0,0.0,61.0,60.0,0.0
nominal,44.0,-4.0,87.0,0.0,44.0,0.0,43.0,43.0,0.0
nominal,56.0,0.0,97.0,1.0,50.0,-7.0,41.0,48.0,6.0
nominal,37.0,0.0,95.0,0.0,12.0,-16.0,58.0,82.0,24.0
nominal,43.0,-2.0,76.0,-1.0,42.0,-8.0,32.0,34.0,2.0
nominal,37.0,0.0,76.0,-7.0,20.0,0.0,39.0,55.0,16.0
nominal,41.0,0.0,79.0,-1.0,38.0,-16.0,38.0,40.0,2.0
nominal,43.0,0.0,85.0,-1.0,42.0,-8.0,42.0,44.0,2.0
nominal,45.0,0.0,86.0,7.0,44.0,-3.0,41.0,42.0,2.0
nominal,49.0,0.0,77.0,0.0,50.0,25.0,28.0,28.0,0.0
nominal,102.0,-1.0,103.0,0.0,72.0,23.0,1.0,31.0,30.0
nominal,105.0,-4.0,107.0,-2.0,70.0,0.0,2.0,37.0,34.0
nominal,46.0,-5.0,88.0,0.0,46.0,0.0,42.0,41.0,0.0
nominal,45.0,-5.0,76.0,0.0,44.0,0.0,31.0,32.0,0.0
nominal,38.0,1.0,90.0,0.0,6.0,-26.0,52.0,84.0,32.0
nominal,55.0,0.0,79.0,0.0,8.0,-7.0,23.0,71.0,48.0
nominal,84.0,-2.0,88.0,0.0,0.0,0.0,4.0,88.0,84.0
nominal,37.0,0.0,99.0,0.0,28.0,-11.0,61.0,70.0,8.0
nominal,49.0,3.0,102.0,0.0,46.0,-13.0,53.0,55.0,2.0
nominal,44.0,-2.0,86.0,0.0,44.0,0.0,43.0,42.0,0.0
nominal,37.0,-2.0,76.0,0.0,36.0,-23.0,39.0,40.0,2.0
nominal,37.0,-2.0,106.0,0.0,34.0,-8.0,68.0,72.0,4.0
nominal,56.0,0.0,95.0,-3.0,56.0,7.0,40.0,39.0,0.0
nominal,85.0,0.0,88.0,0.0,0.0,-23.0,3.0,88.0,86.0
nominal,55.0,0.0,81.0,0.0,54.0,-1.0,26.0,27.0,0.0
nominal,102.0,0.0,103.0,5.0,72.0,30.0,1.0,31.0,30.0
nominal,41.0,2.0,86.0,0.0,38.0,0.0,45.0,47.0,2.0
nominal,53.0,0.0,77.0,-5.0,54.0,12.0,25.0,23.0,0.0
nominal,55.0,-1.0,91.0,-2.0,-4.0,1.0,35.0,96.0,60.0
nominal,56.0,4.0,92.0,0.0,56.0,17.0,36.0,35.0,0.0
nominal,37.0,-1.0,80.0,0.0,24.0,0.0,43.0,57.0,14.0
nominal,55.0,0.0,81.0,0.0,-14.0,3.0,26.0,97.0,70.0
nominal,37.0,0.0,81.0,0.0,8.0,-6.0,44.0,73.0,28.0
nominal,53.0,0.0,87.0,-2.0,52.0,-4.0,34.0,35.0,2.0
nominal,102.0,0.0,104.0,0.0,70.0,-10.0,1.0,34.0,32.0
nominal,56.0,0.0,97.0,0.0,46.0,3.0,41.0,50.0,10.0
nominal,49.0,-5.0,85.0,0.0,50.0,0.0,36.0,36.0,0.0
nominal,37.0,-110.0,106.0,0.0,34.0,-3.0,69.0,72.0,4.0
nominal,37.0,0.0,104.0,0.0,16.0,-6.0,67.0,89.0,22.0
nominal,55.0,0.0,77.0,0.0,8.0,7.0,22.0,70.0,48.0
nominal,47.0,2.0,84.0,0.0,46.0,0.0,36.0,37.0,0.0
nominal,43.0,0.0,88.0,-5.0,44.0,13.0,44.0,44.0,0.0
nominal,43.0,0.0,88.0,-5.0,42.0,0.0,45.0,46.0,2.0
nominal,82.0,-2.0,86.0,0.0,-6.0,0.0,4.0,94.0,90.0
nominal,37.0,-51.0,106.0,-1.0,30.0,0.0,69.0,75.0,6.0
nominal,37.0,0.0,79.0,1.0,8.0,-4.0,42.0,71.0,28.0
nominal,37.0,16.0,77.0,-5.0,-22.0,6.0,41.0,101.0,60.0
nominal,50.0,0.0,87.0,-1.0,50.0,-2.0,37.0,38.0,0.0
nominal,56.0,3.0,81.0,0.0,54.0,-13.0,25.0,26.0,2.0
nominal,54.0,3.0,86.0,-3.0,54.0,0.0,32.0,32.0,0.0
nominal,41.0,-5.0,97.0,0.0,42.0,0.0,56.0,56.0,0.0
nominal,55.0,-3.0,78.0,1.0,44.0,0.0,23.0,34.0,12.0
nominal,46.0,5.0,86.0,0.0,46.0,3.0,41.0,40.0,0.0
nominal,47.0,3.0,85.0,4.0,46.0,0.0,38.0,39.0,0.0
nominal,38.0,3.0,76.0,0.0,38.0,9.0,38.0,37.0,0.0
nominal,55.0,0.0,92.0,0.0,-6.0,-14.0,36.0,99.0,64.0
nominal,83.0,0.0,86.0,0.0,-2.0,21.0,4.0,89.0,86.0
nominal,39.0,2.0,85.0,-2.0,38.0,0.0,46.0,46.0,0.0
nominal,45.0,0.0,81.0,0.0,46.0,10.0,36.0,35.0,0.0
nominal,55.0,0.0,92.0,-1.0,36.0,-8.0,37.0,56.0,20.0
nominal,55.0,0.0,78.0,0.0,8.0,10.0,23.0,70.0,48.0
nominal,80.0,-4.0,84.0,0.0,-42.0,0.0,5.0,128.0,124.0
nominal,37.0,-1.0,80.0,-1.0,36.0,0.0,43.0,44.0,0.0
nominal,53.0,0.0,81.0,0.0,54.0,28.0,28.0,27.0,0.0
nominal,49.0,3.0,83.0,0.0,46.0,-3.0,34.0,37.0,2.0
nominal,44.0,4.0,76.0,0.0,44.0,0.0,31.0,32.0,0.0
nominal,48.0,0.0,86.0,0.0,46.0,-2.0,38.0,40.0,2.0
nominal,76.0,0.0,81.0,-2.0,-40.0,16.0,5.0,122.0,118.0
nominal,80.0,0.0,84.0,0.0,-24.0,14.0,4.0,110.0,106.0
nominal,41.0,0.0,79.0,0.0,38.0,-19.0,38.0,41.0,2.0
nominal,48.0,0.0,83.0,0.0,46.0,-8.0,34.0,36.0,2.0
nominal,55.0,-5.0,95.0,0.0,46.0,0.0,40.0,49.0,8.0
nominal,43.0,-4.0,83.0,0.0,42.0,-1.0,40.0,41.0,2.0
nominal,55.0,0.0,95.0,0.0,42.0,6.0,40.0,54.0,14.0
nominal,43.0,-2.0,80.0,0.0,44.0,22.0,37.0,36.0,0.0
nominal,42.0,-1.0,78.0,0.0,42.0,0.0,36.0,37.0,0.0
nominal,82.0,0.0,86.0,6.0,-12.0,0.0,4.0,99.0,94.0
nominal,56.0,0.0,107.0,0.0,56.0,16.0,51.0,50.0,0.0
nominal,82.0,0.0,86.0,8.0,-6.0,7.0,4.0,94.0,90.0
nominal,45.0,-1.0,85.0,-6.0,44.0,-9.0,40.0,41.0,2.0
nominal,53.0,0.0,86.0,0.0,52.0,-12.0,33.0,34.0,2.0
nominal,56.0,-2.0,86.0,0.0,56.0,0.0,29.0,29.0,0.0
nominal,56.0,1.0,95.0,0.0,54.0,-1.0,40.0,41.0,2.0
nominal,51.0,1.0,86.0,0.0,52.0,3.0,35.0,34.0,0.0
nominal,37.0,0.0,104.0,5.0,28.0,0.0,67.0,76.0,8.0
nominal,37.0,0.0,81.0,-1.0,36.0,-1.0,44.0,44.0,0.0
nominal,37.0,0.0,83.0,0.0,10.0,0.0,46.0,72.0,26.0
nominal,55.0,-3.0,98.0,0.0,52.0,4.0,42.0,46.0,4.0
nominal,44.0,0.0,82.0,0.0,42.0,-10.0,38.0,41.0,2.0
nominal,37.0,0.0,76.0,0.0,20.0,6.0,40.0,55.0,16.0
nominal,41.0,3.0,80.0,0.0,42.0,10.0,39.0,39.0,0.0
nominal,48.0,-1.0,89.0,-1.0,46.0,-4.0,41.0,42.0,2.0
nominal,43.0,-5.0,76.0,0.0,42.0,-17.0,33.0,35.0,2.0
nominal,55.0,0.0,95.0,-7.0,54.0,7.0,40.0,41.0,2.0
nominal,55.0,-4.0,86.0,0.0,56.0,23.0,30.0,29.0,0.0
nominal,42.0,-5.0,99.0,0.0,42.0,0.0,57.0,58.0,2.0
nominal,56.0,0.0,96.0,0.0,44.0,1.0,40.0,52.0,12.0
nominal,56.0,0.0,79.0,-3.0,8.0,23.0,24.0,72.0,48.0
nominal,40.0,-1.0,80.0,-3.0,38.0,14.0,40.0,41.0,2.0
nominal,41.0,0.0,77.0,-1.0,38.0,-30.0,36.0,38.0,2.0
nominal,37.0,0.0,79.0,0.0,16.0,21.0,43.0,64.0,22.0
nominal,56.0,0.0,95.0,0.0,46.0,8.0,40.0,49.0,10.0
nominal,56.0,-1.0,84.0,0.0,54.0,-7.0,28.0,30.0,2.0
nominal,42.0,0.0,79.0,-7.0,42.0,0.0,37.0,38.0,0.0
nominal,42.0,1.0,87.0,5.0,42.0,0.0,45.0,46.0,0.0
nominal,41.0,0.0,77.0,0.0,42.0,16.0,36.0,35.0,0.0
nominal,43.0,0.0,75.0,0.0,44.0,25.0,32.0,31.0,0.0
nominal,43.0,5.0,83.0,0.0,42.0,0.0,40.0,42.0,2.0
nominal,45.0,2.0,108.0,0.0,44.0,-11.0,62.0,64.0,2.0
nominal,47.0,3.0,86.0,-1.0,46.0,0.0,40.0,40.0,0.0
nominal,55.0,-5.0,96.0,-1.0,54.0,-5.0,41.0,42.0,2.0
nominal,56.0,0.0,97.0,0.0,38.0,18.0,41.0,58.0,18.0
nominal,50.0,-1.0,87.0,2.0,50.0,0.0,37.0,38.0,0.0
nominal,55.0,0.0,95.0,0.0,54.0,24.0,40.0,41.0,2.0
nominal,46.0,-1.0,83.0,-2.0,46.0,-4.0,37.0,37.0,0.0
nominal,37.0,0.0,97.0,-4.0,30.0,-19.0,60.0,66.0,6.0
nominal,56.0,0.0,78.0,9.0,0.0,1.0,22.0,78.0,56.0
nominal,56.0,0.0,80.0,0.0,56.0,15.0,24.0,23.0,0.0
nominal,37.0,0.0,79.0,0.0,26.0,1.0,42.0,53.0,10.0
nominal,47.0,-1.0,86.0,-3.0,46.0,-5.0,39.0,40.0,0.0
nominal,56.0,-1.0,95.0,0.0,46.0,1.0,40.0,49.0,10.0
nominal,66.0,0.0,109.0,0.0,64.0,-14.0,43.0,45.0,2.0
nominal,53.0,1.0,81.0,-7.0,52.0,-21.0,28.0,30.0,2.0
nominal,51.0,0.0,84.0,2.0,50.0,-18.0,33.0,35.0,2.0
nominal,37.0,0.0,83.0,0.0,2.0,9.0,46.0,80.0,34.0
nominal,37.0,0.0,106.0,-1.0,30.0,4.0,69.0,75.0,6.0
nominal,46.0,0.0,107.0,-4.0,46.0,2.0,61.0,60.0,0.0
nominal,47.0,-4.0,86.0,1.0,46.0,0.0,39.0,40.0,0.0
nominal,55.0,0.0,81.0,-4.0,-12.0,0.0,26.0,94.0,68.0
nominal,56.0,0.0,98.0,0.0,50.0,-4.0,42.0,49.0,8.0
nominal,37.0,0.0,77.0,0.0,-10.0,-21.0,41.0,88.0,46.0
nominal,40.0,0.0,81.0,3.0,38.0,0.0,41.0,43.0,2.0
nominal,37.0,0.0,78.0,0.0,36.0,-6.0,41.0,42.0,2.0
nominal,56.0,0.0,77.0,0.0,-14.0,-19.0,21.0,92.0,72.0
nominal,37.0,0.0,82.0,0.0,18.0,-17.0,45.0,64.0,18.0
nominal,37.0,5.0,77.0,0.0,34.0,0.0,40.0,44.0,4.0
nominal,45.0,-2.0,81.0,0.0,46.0,8.0,36.0,35.0,0.0
nominal,37.0,0.0,108.0,0.0,30.0,-6.0,71.0,77.0,6.0
nominal,37.0,0.0,82.0,0.0,12.0,7.0,45.0,69.0,24.0
nominal,45.0,0.0,88.0,0.0,46.0,16.0,42.0,41.0,0.0
nominal,37.0,0.0,76.0,0.0,28.0,-16.0,39.0,47.0,8.0
nominal,104.0,0.0,105.0,-3.0,70.0,0.0,1.0,35.0,34.0
nominal,79.0,-1.0,83.0,-7.0,-40.0,0.0,4.0,125.0,120.0
nominal,55.0,0.0,81.0,0.0,54.0,-10.0,25.0,26.0,2.0
nominal,46.0,1.0,81.0,0.0,46.0,19.0,35.0,35.0,0.0
nominal,47.0,-1.0,81.0,0.0,46.0,0.0,33.0,34.0,0.0
nominal,83.0,0.0,86.0,-4.0,-4.0,-12.0,3.0,91.0,88.0
nominal,37.0,0.0,78.0,0.0,6.0,-17.0,41.0,73.0,32.0
nominal,37.0,0.0,76.0,4.0,30.0,18.0,40.0,45.0,6.0
nominal,49.0,0.0,88.0,0.0,46.0,-29.0,39.0,41.0,2.0
nominal,45.0,-9.0,81.0,0.0,44.0,0.0,36.0,37.0,2.0
nominal,37.0,0.0,98.0,0.0,28.0,-30.0,61.0,70.0,8.0
nominal,46.0,0.0,100.0,-3.0,46.0,0.0,54.0,53.0,0.0
nominal,37.0,0.0,104.0,0.0,26.0,11.0,67.0,78.0,12.0
nominal,46.0,1.0,86.0,0.0,46.0,13.0,41.0,40.0,0.0
nominal,82.0,0.0,86.0,0.0,-12.0,-1.0,3.0,99.0,96.0
nominal,47.0,-4.0,86.0,0.0,46.0,0.0,38.0,39.0,0.0
nominal,46.0,0.0,102.0,0.0,46.0,3.0,57.0,56.0,0.0
nominal,56.0,0.0,81.0,1.0,54.0,-5.0,25.0,26.0,2.0
nominal,37.0,2.0,106.0,-1.0,36.0,0.0,69.0,70.0,0.0
nominal,46.0,1.0,86.0,1.0,46.0,0.0,40.0,39.0,0.0
nominal,43.0,0.0,90.0,8.0,42.0,0.0,46.0,48.0,2.0
nominal,51.0,-1.0,87.0,0.0,52.0,3.0,36.0,35.0,0.0
nominal,51.0,0.0,87.0,0.0,52.0,0.0,36.0,35.0,0.0
nominal,44.0,5.0,79.0,0.0,44.0,1.0,35.0,35.0,0.0
nominal,37.0,0.0,95.0,0.0,16.0,-4.0,58.0,79.0,22.0
nominal,56.0,0.0,77.0,0.0,46.0,23.0,22.0,31.0,10.0
nominal,53.0,2.0,86.0,0.0,54.0,21.0,33.0,32.0,0.0
nominal,41.0,0.0,86.0,0.0,38.0,-10.0,46.0,48.0,2.0
nominal,37.0,0.0,77.0,5.0,36.0,-14.0,39.0,41.0,2.0
nominal,41.0,4.0,102.0,0.0,42.0,7.0,61.0,60.0,0.0
nominal,45.0,0.0,83.0,0.0,44.0,-3.0,38.0,39.0,2.0
nominal,55.0,0.0,82.0,7.0,54.0,-1.0,26.0,28.0,2.0
nominal,43.0,0.0,81.0,4.0,42.0,-13.0,37.0,39.0,2.0
nominal,37.0,-1.0,76.0,0.0,36.0,-8.0,38.0,39.0,2.0
nominal,44.0,0.0,80.0,0.0,44.0,0.0,36.0,36.0,0.0
nominal,41.0,-3.0,76.0,0.0,42.0,0.0,34.0,34.0,0.0
nominal,41.0,0.0,75.0,0.0,42.0,0.0,34.0,34.0,0.0
nominal,56.0,0.0,81.0,0.0,-20.0,25.0,25.0,102.0,76.0
nominal,58.0,0.0,86.0,-4.0,56.0,0.0,29.0,30.0,0.0
nominal,51.0,0.0,91.0,0.0,50.0,-3.0,40.0,42.0,2.0
nominal,43.0,0.0,80.0,-1.0,44.0,10.0,37.0,36.0,0.0
nominal,37.0,-5.0,80.0,0.0,38.0,17.0,43.0,41.0,0.0
nominal,46.0,0.0,83.0,-5.0,46.0,8.0,37.0,36.0,0.0
nominal,84.0,0.0,88.0,0.0,-2.0,0.0,3.0,90.0,88.0
nominal,56.0,2.0,98.0,0.0,46.0,2.0,42.0,51.0,10.0
nominal,53.0,3.0,86.0,0.0,52.0,-4.0,33.0,35.0,2.0
nominal,105.0,-5.0,106.0,2.0,70.0,0.0,2.0,36.0,34.0
nominal,55.0,-1.0,99.0,0.0,50.0,8.0,43.0,49.0,6.0
nominal,56.0,1.0,77.0,0.0,10.0,8.0,22.0,67.0,46.0
nominal,51.0,0.0,78.0,-1.0,52.0,6.0,27.0,26.0,0.0
nominal,49.0,4.0,88.0,0.0,50.0,2.0,39.0,39.0,0.0
nominal,51.0,0.0,84.0,0.0,52.0,7.0,33.0,32.0,0.0
nominal,46.0,5.0,89.0,0.0,46.0,8.0,43.0,42.0,0.0
nominal,41.0,0.0,87.0,0.0,42.0,19.0,46.0,46.0,0.0
nominal,56.0,0.0,78.0,0.0,24.0,-9.0,22.0,55.0,32.0
nominal,56.0,1.0,80.0,0.0,-2.0,0.0,24.0,83.0,58.0
nominal,37.0,0.0,106.0,1.0,30.0,0.0,69.0,75.0,6.0
nominal,56.0,3.0,89.0,0.0,54.0,-8.0,33.0,35.0,2.0
nominal,37.0,0.0,104.0,0.0,20.0,-24.0,67.0,83.0,16.0
nominal,57.0,1.0,84.0,-7.0,56.0,0.0,28.0,28.0,0.0
nominal,51.0,0.0,84.0,0.0,52.0,0.0,33.0,32.0,0.0
nominal,41.0,2.0,79.0,0.0,42.0,15.0,38.0,38.0,0.0
nominal,55.0,0.0,77.0,0.0,-28.0,-9.0,22.0,106.0,84.0
nominal,51.0,1.0,81.0,0.0,52.0,24.0,29.0,29.0,0.0
nominal,37.0,0.0,77.0,0.0,10.0,16.0,40.0,66.0,26.0
nominal,47.0,1.0,86.0,6.0,46.0,0.0,38.0,39.0,0.0
nominal,37.0,0.0,76.0,1.0,24.0,23.0,39.0,53.0,14.0
nominal,56.0,0.0,78.0,0.0,10.0,4.0,22.0,68.0,46.0
nominal,56.0,2.0,98.0,0.0,46.0,5.0,42.0,51.0,10.0
nominal,41.0,-1.0,106.0,0.0,38.0,-6.0,65.0,67.0,2.0
nominal,41.0,2.0,80.0,0.0,42.0,4.0,39.0,39.0,0.0
nominal,37.0,0.0,93.0,0.0,30.0,16.0,56.0,62.0,6.0
nominal,37.0,0.0,93.0,-2.0,12.0,0.0,56.0,81.0,24.0
nominal,44.0,0.0,87.0,0.0,42.0,-17.0,43.0,46.0,2.0
nominal,58.0,-2.0,91.0,0.0,56.0,0.0,33.0,34.0,2.0
nominal,51.0,1.0,86.0,0.0,50.0,-8.0,35.0,37.0,2.0
nominal,41.0,0.0,82.0,0.0,42.0,17.0,41.0,41.0,0.0
nominal,56.0,0.0,76.0,0.0,-10.0,4.0,20.0,86.0,66.0
nominal,55.0,0.0,73.0,-18.0,-2.0,-30.0,18.0,76.0,58.0
nominal,37.0,0.0,78.0,7.0,34.0,-13.0,41.0,45.0,4.0
nominal,48.0,-5.0,77.0,0.0,46.0,-4.0,29.0,31.0,2.0
nominal,41.0,0.0,83.0,-6.0,38.0,-7.0,42.0,44.0,2.0
nominal,44.0,0.0,76.0,-1.0,44.0,3.0,32.0,32.0,0.0
nominal,47.0,-3.0,88.0,0.0,46.0,0.0,41.0,41.0,0.0
nominal,40.0,-4.0,100.0,1.0,38.0,0.0,61.0,62.0,2.0
nominal,37.0,0.0,79.0,0.0,24.0,-5.0,43.0,56.0,14.0
nominal,49.0,1.0,87.0,0.0,50.0,22.0,38.0,38.0,0.0
nominal,41.0,0.0,86.0,-1.0,42.0,15.0,45.0,44.0,0.0
nominal,47.0,0.0,86.0,0.0,46.0,-1.0,39.0,39.0,0.0
nominal,37.0,0.0,80.0,0.0,6.0,-26.0,43.0,75.0,32.0
nominal,40.0,0.0,87.0,-1.0,38.0,-2.0,47.0,48.0,2.0
nominal,55.0,0.0,93.0,0.0,10.0,-22.0,37.0,82.0,46.0
nominal,56.0,0.0,79.0,0.0,12.0,-2.0,23.0,66.0,42.0
nominal,46.0,0.0,83.0,-7.0,46.0,0.0,36.0,36.0,0.0
nominal,37.0,0.0,76.0,0.0,26.0,-9.0,39.0,50.0,12.0
nominal,44.0,1.0,79.0,0.0,42.0,-25.0,35.0,37.0,2.0
nominal,39.0,-5.0,90.0,1.0,6.0,0.0,52.0,85.0,34.0
nominal,44.0,-3.0,80.0,0.0,44.0,0.0,36.0,36.0,0.0
nominal,57.0,0.0,84.0,-6.0,56.0,0.0,28.0,28.0,0.0
nominal,41.0,0.0,76.0,0.0,42.0,30.0,35.0,35.0,0.0
nominal,37.0,0.0,81.0,-7.0,20.0,20.0,44.0,61.0,16.0
nominal,57.0,2.0,86.0,0.0,56.0,0.0,30.0,30.0,0.0
nominal,38.0,3.0,83.0,-1.0,38.0,-1.0,44.0,44.0,0.0
nominal,79.0,0.0,83.0,0.0,-38.0,31.0,4.0,122.0,118.0
nominal,38.0,0.0,76.0,0.0,38.0,-1.0,37.0,37.0,0.0
nominal,51.0,0.0,80.0,0.0,52.0,23.0,29.0,28.0,0.0
nominal,41.0,0.0,79.0,-1.0,42.0,12.0,38.0,37.0,0.0
nominal,46.0,-1.0,77.0,0.0,46.0,1.0,32.0,31.0,0.0
nominal,45.0,-16.0,77.0,-1.0,44.0,-2.0,32.0,34.0,2.0
nominal,37.0,0.0,82.0,0.0,34.0,-16.0,45.0,48.0,4.0
nominal,37.0,0.0,76.0,26.0,24.0,0.0,39.0,53.0,14.0
nominal,55.0,0.0,95.0,5.0,36.0,-5.0,40.0,59.0,20.0
nominal,42.0,0.0,85.0,-4.0,42.0,-4.0,43.0,44.0,0.0
nominal,41.0,-4.0,81.0,0.0,38.0,-26.0,41.0,43.0,2.0
nominal,77.0,4.0,81.0,0.0,-42.0,0.0,4.0,125.0,120.0
nominal,41.0,0.0,78.0,0.0,42.0,31.0,37.0,37.0,0.0
nominal,43.0,-1.0,79.0,0.0,44.0,20.0,35.0,35.0,0.0
nominal,56.0,0.0,86.0,2.0,56.0,0.0,30.0,30.0,0.0
nominal,50.0,2.0,86.0,-1.0,50.0,0.0,35.0,37.0,2.0
nominal,56.0,0.0,78.0,0.0,6.0,-1.0,22.0,73.0,50.0
nominal,54.0,-1.0,87.0,0.0,54.0,0.0,33.0,33.0,0.0
nominal,45.0,-2.0,82.0,0.0,44.0,-11.0,37.0,38.0,2.0
nominal,77.0,4.0,81.0,0.0,-40.0,0.0,4.0,123.0,118.0
nominal,37.0,0.0,104.0,0.0,26.0,-3.0,67.0,78.0,12.0
nominal,48.0,-2.0,83.0,0.0,46.0,-2.0,34.0,36.0,2.0
nominal,42.0,4.0,79.0,0.0,42.0,0.0,38.0,38.0,0.0
nominal,37.0,0.0,81.0,0.0,8.0,-24.0,44.0,73.0,28.0
nominal,38.0,5.0,81.0,0.0,38.0,1.0,42.0,42.0,0.0
nominal,56.0,1.0,86.0,0.0,54.0,-2.0,30.0,32.0,2.0
nominal,43.0,0.0,102.0,0.0,44.0,12.0,59.0,58.0,0.0
nominal,46.0,0.0,79.0,0.0,46.0,9.0,34.0,33.0,0.0
nominal,38.0,-2.0,100.0,0.0,38.0,0.0,62.0,62.0,0.0
nominal,52.0,0.0,86.0,-1.0,54.0,31.0,33.0,32.0,0.0
nominal,39.0,3.0,75.0,0.0,38.0,0.0,36.0,36.0,0.0
nominal,82.0,5.0,86.0,0.0,-12.0,0.0,3.0,99.0,96.0
nominal,46.0,-5.0,88.0,0.0,46.0,0.0,41.0,41.0,0.0
nominal,44.0,0.0,83.0,-1.0,44.0,0.0,39.0,39.0,0.0
nominal,56.0,5.0,97.0,0.0,42.0,0.0,40.0,55.0,14.0
nominal,56.0,4.0,98.0,0.0,50.0,-15.0,42.0,49.0,6.0
nominal,55.0,0.0,76.0,-6.0,-20.0,0.0,21.0,97.0,76.0
nominal,56.0,1.0,80.0,1.0,20.0,-1.0,24.0,59.0,36.0
nominal,56.0,1.0,84.0,0.0,56.0,11.0,29.0,28.0,0.0
nominal,49.0,0.0,77.0,0.0,46.0,-4.0,29.0,31.0,2.0
nominal,45.0,0.0,85.0,0.0,44.0,12588.0,41.0,41.0,0.0
nominal,37.0,0.0,77.0,0.0,2.0,-19.0,40.0,74.0,34.0
nominal,49.0,0.0,85.0,0.0,46.0,-5.0,36.0,39.0,2.0
nominal,37.0,0.0,77.0,0.0,-24.0,-10.0,41.0,103.0,62.0
nominal,51.0,0.0,102.0,0.0,52.0,4.0,51.0,50.0,0.0
nominal,38.0,0.0,92.0,0.0,12.0,4.0,54.0,79.0,24.0
nominal,55.0,-3.0,98.0,0.0,46.0,24.0,42.0,51.0,8.0
nominal,47.0,0.0,86.0,0.0,46.0,0.0,40.0,40.0,0.0
nominal,84.0,0.0,88.0,0.0,6.0,0.0,4.0,83.0,80.0
nominal,41.0,5.0,81.0,-1.0,38.0,-23.0,39.0,42.0,2.0
nominal,46.0,1.0,80.0,0.0,44.0,-12.0,34.0,36.0,2.0
nominal,53.0,0.0,79.0,0.0,52.0,-13.0,26.0,27.0,2.0
nominal,56.0,0.0,97.0,0.0,46.0,5.0,41.0,50.0,10.0
nominal,37.0,-4.0,81.0,0.0,36.0,-1.0,44.0,44.0,0.0
nominal,51.0,0.0,88.0,2.0,52.0,0.0,36.0,36.0,0.0
nominal,37.0,-1.0,76.0,0.0,36.0,-17.0,38.0,39.0,2.0
nominal,53.0,0.0,88.0,0.0,52.0,-24.0,35.0,37.0,2.0
nominal,41.0,0.0,80.0,0.0,42.0,0.0,39.0,39.0,0.0
nominal,37.0,0.0,78.0,0.0,12.0,6.0,41.0,65.0,24.0
nominal,41.0,0.0,83.0,-3.0,42.0,19.0,42.0,41.0,0.0
nominal,39.0,0.0,97.0,4.0,38.0,0.0,58.0,59.0,0.0
nominal,44.0,0.0,79.0,0.0,42.0,-30.0,35.0,37.0,2.0
nominal,47.0,0.0,90.0,5.0,46.0,0.0,43.0,43.0,0.0
nominal,68.0,0.0,111.0,-6.0,68.0,0.0,43.0,44.0,0.0
nominal,41.0,0.0,108.0,0.0,42.0,8.0,67.0,67.0,0.0
nominal,56.0,0.0,96.0,1.0,38.0,-12.0,40.0,57.0,18.0
nominal,102.0,0.0,103.0,5.0,70.0,-10.0,1.0,33.0,32.0
nominal,37.0,0.0,108.0,-5.0,34.0,-1.0,71.0,74.0,4.0
nominal,37.0,0.0,79.0,-2.0,26.0,-11.0,42.0,53.0,10.0
nominal,55.0,-2.0,80.0,0.0,-4.0,14.0,25.0,85.0,60.0
nominal,46.0,0.0,86.0,0.0,46.0,13.0,40.0,39.0,0.0
nominal,41.0,3.0,83.0,0.0,38.0,-26.0,41.0,44.0,2.0
nominal,49.0,0.0,89.0,6.0,46.0,-9.0,40.0,42.0,2.0
nominal,42.0,-3.0,77.0,4.0,42.0,0.0,35.0,35.0,0.0
nominal,41.0,0.0,86.0,0.0,42.0,8.0,45.0,45.0,0.0
nominal,51.0,1.0,81.0,-6.0,52.0,9.0,30.0,30.0,0.0
nominal,42.0,0.0,82.0,-7.0,42.0,0.0,40.0,41.0,0.0
nominal,56.0,0.0,83.0,0.0,54.0,-10.0,27.0,28.0,2.0
nominal,48.0,0.0,78.0,7.0,46.0,0.0,30.0,32.0,2.0
nominal,49.0,0.0,80.0,0.0,46.0,-16.0,31.0,34.0,2.0
nominal,37.0,0.0,104.0,0.0,28.0,14.0,67.0,76.0,8.0
nominal,37.0,0.0,80.0,0.0,20.0,14.0,43.0,59.0,16.0
nominal,45.0,4.0,80.0,0.0,44.0,0.0,35.0,36.0,2.0
nominal,37.0,0.0,74.0,0.0,26.0,-8.0,38.0,48.0,10.0
nominal,37.0,0.0,79.0,0.0,30.0,-7.0,43.0,48.0,6.0
nominal,56.0,5.0,86.0,0.0,54.0,-30.0,29.0,32.0,2.0
nominal,55.0,0.0,78.0,0.0,44.0,-24.0,23.0,34.0,12.0
nominal,55.0,-2.0,80.0,-4.0,20.0,-8.0,25.0,59.0,34.0
nominal,56.0,0.0,107.0,0.0,54.0,-18.0,51.0,53.0,2.0
nominal,56.0,0.0,92.0,0.0,52.0,13.0,36.0,40.0,4.0
nominal,41.0,2.0,76.0,0.0,42.0,6.0,34.0,34.0,0.0
nominal,44.0,-4.0,106.0,0.0,44.0,0.0,62.0,62.0,0.0
nominal,37.0,0.0,80.0,0.0,20.0,-25.0,43.0,59.0,16.0
nominal,45.0,0.0,86.0,1.0,44.0,0.0,40.0,42.0,2.0
nominal,42.0,3.0,106.0,0.0,42.0,1.0,65.0,65.0,0.0
nominal,49.0,-5.0,83.0,0.0,50.0,2.0,34.0,34.0,0.0
nominal,45.0,-1.0,86.0,-4.0,46.0,22.0,40.0,39.0,0.0
nominal,50.0,-4.0,88.0,0.0,50.0,0.0,37.0,39.0,2.0
nominal,37.0,0.0,79.0,1.0,6.0,0.0,42.0,74.0,32.0
nominal,46.0,5.0,81.0,0.0,44.0,-16.0,35.0,37.0,2.0
nominal,56.0,4.0,80.0,0.0,-4.0,6.0,24.0,85.0,62.0
nominal,42.0,4.0,79.0,-3.0,42.0,0.0,37.0,37.0,0.0
nominal,51.0,1.0,86.0,0.0,50.0,-17.0,35.0,37.0,2.0
nominal,37.0,0.0,104.0,3.0,26.0,24.0,67.0,78.0,12.0
nominal,50.0,0.0,87.0,-3.0,50.0,0.0,37.0,38.0,0.0
nominal,56.0,0.0,82.0,0.0,-12.0,0.0,26.0,95.0,68.0
nominal,37.0,0.0,76.0,0.0,20.0,-16.0,39.0,55.0,16.0
nominal,51.0,0.0,89.0,3.0,52.0,4.0,38.0,37.0,0.0
nominal,46.0,2.0,86.0,0.0,46.0,7.0,41.0,40.0,0.0
nominal,79.0,0.0,83.0,0.0,-46.0,-12.0,4.0,130.0,126.0
nominal,45.0,5.0,102.0,0.0,44.0,-3.0,57.0,58.0,2.0
nominal,47.0,-1.0,82.0,0.0,46.0,0.0,35.0,35.0,0.0
nominal,37.0,0.0,80.0,-7.0,38.0,18.0,43.0,41.0,0.0
nominal,47.0,-3.0,106.0,0.0,46.0,0.0,60.0,60.0,0.0
nominal,37.0,0.0,74.0,-3.0,28.0,0.0,37.0,46.0,8.0
nominal,54.0,0.0,79.0,0.0,54.0,0.0,25.0,24.0,0.0
nominal,37.0,0.0,96.0,0.0,34.0,10.0,59.0,62.0,4.0
nominal,37.0,0.0,78.0,4.0,30.0,-9.0,41.0,47.0,6.0
nominal,41.0,0.0,77.0,0.0,38.0,-26.0,37.0,39.0,2.0
nominal,37.0,0.0,76.0,0.0,34.0,-4.0,38.0,42.0,4.0
nominal,37.0,0.0,106.0,-3.0,28.0,-1.0,69.0,77.0,8.0
nominal,37.0,4.0,76.0,0.0,30.0,0.0,39.0,45.0,6.0
nominal,37.0,0.0,103.0,-2.0,28.0,0.0,66.0,75.0,8.0
nominal,55.0,0.0,81.0,0.0,54.0,-5.0,26.0,27.0,2.0
nominal,56.0,0.0,77.0,0.0,-14.0,26.0,21.0,92.0,72.0
nominal,55.0,0.0,98.0,0.0,52.0,-9.0,42.0,46.0,4.0
nominal,81.0,1.0,84.0,0.0,-14.0,-4.0,3.0,99.0,96.0
nominal,55.0,0.0,96.0,-1.0,52.0,23.0,41.0,44.0,4.0
nominal,45.0,0.0,76.0,7.0,44.0,-3.0,31.0,32.0,2.0
nominal,54.0,-2.0,86.0,-2.0,54.0,-3.0,32.0,32.0,0.0
nominal,56.0,0.0,99.0,-2.0,50.0,0.0,43.0,50.0,6.0
nominal,41.0,1.0,81.0,0.0,42.0,6.0,39.0,39.0,0.0
nominal,37.0,-3.0,80.0,0.0,36.0,-15.0,43.0,44.0,2.0
nominal,42.0,-1.0,76.0,0.0,42.0,0.0,34.0,35.0,2.0
nominal,50.0,0.0,85.0,-2.0,50.0,0.0,36.0,36.0,0.0
nominal,37.0,0.0,106.0,4.0,36.0,0.0,69.0,70.0,2.0
nominal,37.0,2.0,77.0,-3.0,34.0,0.0,40.0,43.0,2.0
nominal,37.0,0.0,77.0,8.0,24.0,-14.0,40.0,54.0,14.0
nominal,48.0,0.0,86.0,0.0,50.0,31.0,37.0,37.0,0.0
nominal,56.0,0.0,77.0,0.0,46.0,25.0,22.0,31.0,10.0
nominal,61.0,0.0,111.0,0.0,62.0,23.0,50.0,49.0,0.0
nominal,37.0,0.0,103.0,0.0,20.0,3.0,66.0,82.0,16.0
nominal,37.0,0.0,79.0,0.0,20.0,31.0,42.0,58.0,16.0
nominal,37.0,0.0,80.0,0.0,34.0,26.0,43.0,46.0,2.0
nominal,45.0,0.0,77.0,0.0,44.0,-14.0,31.0,33.0,2.0
nominal,52.0,3.0,79.0,-5.0,52.0,0.0,28.0,28.0,0.0
nominal,37.0,0.0,104.0,0.0,26.0,-4.0,66.0,78.0,12.0
nominal,56.0,0.0,95.0,0.0,56.0,9.0,40.0,39.0,0.0
nominal,51.0,0.0,77.0,0.0,50.0,-12.0,26.0,28.0,2.0
nominal,44.0,0.0,100.0,0.0,44.0,0.0,56.0,56.0,0.0
nominal,53.0,0.0,86.0,1.0,52.0,-3.0,33.0,35.0,2.0
nominal,102.0,0.0,102.0,-5.0,70.0,-3.0,1.0,33.0,32.0
nominal,44.0,5.0,79.0,0.0,42.0,-17.0,35.0,37.0,2.0
nominal,45.0,5.0,78.0,0.0,44.0,0.0,33.0,34.0,2.0
nominal,53.0,1.0,81.0,0.0,54.0,6.0,28.0,27.0,0.0
nominal,37.0,-1.0,79.0,0.0,26.0,6.0,42.0,53.0,12.0
nominal,37.0,0.0,76.0,0.0,24.0,2.0,39.0,53.0,14.0
nominal,57.0,1.0,87.0,0.0,56.0,0.0,30.0,30.0,0.0
nominal,37.0,0.0,83.0,0.0,10.0,5.0,46.0,72.0,26.0
nominal,76.0,-1.0,81.0,0.0,-42.0,-3.0,5.0,125.0,120.0
nominal,56.0,5.0,95.0,0.0,42.0,-4.0,40.0,54.0,14.0
nominal,45.0,-3.0,109.0,0.0,44.0,0.0,65.0,66.0,0.0
nominal,37.0,-21.0,75.0,0.0,28.0,15.0,38.0,46.0,8.0
nominal,37.0,0.0,78.0,0.0,8.0,11.0,41.0,70.0,30.0
nominal,37.0,0.0,80.0,0.0,26.0,4.0,43.0,54.0,12.0
nominal,44.0,-1.0,86.0,0.0,44.0,10.0,43.0,42.0,0.0
nominal,41.0,0.0,77.0,-3.0,38.0,-16.0,37.0,39.0,2.0
nominal,56.0,3.0,77.0,0.0,0.0,0.0,22.0,77.0,56.0
nominal,82.0,0.0,86.0,0.0,-10.0,10.0,3.0,96.0,92.0
nominal,37.0,0.0,86.0,0.0,36.0,0.0,48.0,50.0,2.0
nominal,55.0,0.0,77.0,0.0,6.0,-14.0,22.0,72.0,50.0
nominal,37.0,0.0,83.0,0.0,8.0,11.0,46.0,75.0,30.0
nominal,45.0,1.0,77.0,0.0,44.0,-4.0,31.0,33.0,2.0
nominal,41.0,0.0,77.0,0.0,38.0,-23.0,36.0,38.0,2.0
nominal,83.0,0.0,87.0,0.0,-40.0,1.0,4.0,128.0,124.0
nominal,55.0,0.0,77.0,0.0,10.0,3.0,22.0,67.0,46.0
nominal,37.0,0.0,76.0,0.0,38.0,25.0,38.0,37.0,0.0
nominal,56.0,0.0,84.0,0.0,56.0,5.0,28.0,27.0,0.0
nominal,37.0,0.0,97.0,0.0,24.0,-2.0,60.0,73.0,14.0
nominal,37.0,0.0,76.0,0.0,26.0,4.0,39.0,50.0,12.0
nominal,56.0,0.0,92.0,4.0,50.0,0.0,36.0,43.0,6.0
nominal,55.0,1.0,81.0,-3.0,54.0,0.0,27.0,27.0,0.0
nominal,45.0,-2.0,82.0,0.0,44.0,-14.0,37.0,38.0,2.0
nominal,83.0,0.0,87.0,8.0,-4.0,10.0,4.0,92.0,88.0
nominal,105.0,0.0,106.0,0.0,70.0,0.0,1.0,36.0,34.0
nominal,51.0,0.0,79.0,0.0,52.0,6.0,27.0,27.0,0.0
nominal,37.0,0.0,77.0,1.0,36.0,4.0,40.0,41.0,0.0
nominal,52.0,-4.0,82.0,0.0,52.0,0.0,29.0,30.0,0.0
nominal,56.0,-1.0,97.0,0.0,46.0,6.0,41.0,51.0,10.0
nominal,37.0,0.0,77.0,8.0,20.0,0.0,40.0,56.0,16.0
nominal,37.0,0.0,82.0,-1.0,36.0,-1.0,45.0,46.0,2.0
nominal,45.0,0.0,77.0,0.0,46.0,12.0,32.0,31.0,0.0
nominal,38.0,4.0,77.0,0.0,36.0,-24.0,39.0,41.0,2.0
nominal,46.0,1.0,87.0,0.0,46.0,8.0,41.0,41.0,0.0
nominal,37.0,0.0,78.0,-2.0,6.0,0.0,41.0,73.0,32.0
nominal,82.0,-5.0,86.0,-2.0,-4.0,-17.0,3.0,91.0,88.0
nominal,37.0,-5.0,108.0,-11.0,28.0,0.0,71.0,79.0,8.0
nominal,53.0,0.0,77.0,-2.0,54.0,4.0,25.0,23.0,0.0
nominal,55.0,0.0,78.0,0.0,6.0,4.0,23.0,73.0,50.0
nominal,37.0,0.0,76.0,0.0,20.0,10.0,40.0,55.0,16.0
nominal,47.0,0.0,83.0,-2.0,46.0,0.0,36.0,36.0,0.0
nominal,37.0,0.0,79.0,0.0,6.0,24.0,42.0,74.0,32.0
nominal,37.0,0.0,100.0,0.0,36.0,-13.0,63.0,64.0,2.0
nominal,41.0,5.0,86.0,0.0,38.0,-17.0,45.0,48.0,2.0
nominal,56.0,1.0,81.0,0.0,-10.0,-16.0,25.0,91.0,66.0
nominal,37.0,-2.0,107.0,-9.0,28.0,0.0,70.0,78.0,8.0
nominal,56.0,0.0,76.0,0.0,-14.0,14.0,20.0,92.0,72.0
nominal,44.0,-2.0,86.0,0.0,44.0,3.0,42.0,42.0,0.0
nominal,37.0,0.0,81.0,0.0,24.0,7.0,44.0,57.0,14.0
nominal,37.0,0.0,77.0,1.0,36.0,8.0,40.0,41.0,0.0
nominal,50.0,0.0,77.0,0.0,50.0,-1.0,27.0,28.0,2.0
nominal,41.0,0.0,85.0,0.0,38.0,9.0,44.0,46.0,2.0
nominal,52.0,0.0,81.0,0.0,52.0,-1.0,29.0,30.0,0.0
nominal,37.0,0.0,79.0,0.0,16.0,14.0,42.0,63.0,22.0
nominal,37.0,0.0,83.0,0.0,0.0,8.0,46.0,83.0,36.0
nominal,57.0,5.0,79.0,0.0,56.0,0.0,22.0,23.0,0.0
nominal,56.0,1.0,80.0,0.0,20.0,-9.0,24.0,59.0,36.0
nominal,56.0,0.0,77.0,0.0,16.0,-20.0,22.0,62.0,40.0
nominal,41.0,0.0,85.0,-4.0,38.0,0.0,44.0,46.0,2.0
nominal,44.0,0.0,75.0,0.0,42.0,-24.0,31.0,34.0,2.0
nominal,56.0,0.0,95.0,0.0,44.0,-13.0,40.0,51.0,12.0
nominal,56.0,-1.0,95.0,0.0,52.0,-7.0,40.0,44.0,4.0
nominal,55.0,-3.0,98.0,0.0,46.0,0.0,42.0,51.0,8.0
nominal,48.0,0.0,84.0,0.0,46.0,0.0,37.0,38.0,2.0
nominal,37.0,0.0,80.0,1.0,20.0,0.0,43.0,59.0,16.0
nominal,53.0,5.0,86.0,0.0,52.0,-7.0,33.0,35.0,2.0
nominal,56.0,0.0,79.0,1.0,-4.0,0.0,24.0,85.0,62.0
nominal,85.0,0.0,88.0,3.0,2.0,0.0,3.0,86.0,82.0
nominal,41.0,0.0,79.0,0.0,42.0,9.0,39.0,38.0,0.0
nominal,37.0,-1.0,107.0,0.0,36.0,0.0,70.0,71.0,0.0
nominal,43.0,0.0,80.0,-1.0,42.0,-4.0,37.0,39.0,2.0
nominal,46.0,1.0,102.0,0.0,46.0,0.0,56.0,56.0,0.0
nominal,39.0,0.0,77.0,6.0,38.0,0.0,38.0,39.0,0.0
nominal,37.0,0.0,76.0,6.0,26.0,0.0,39.0,50.0,12.0
nominal,49.0,1.0,87.0,0.0,50.0,1.0,38.0,38.0,0.0
nominal,37.0,0.0,81.0,-6.0,-2.0,0.0,44.0,83.0,40.0
nominal,41.0,0.0,75.0,0.0,38.0,-1.0,34.0,36.0,2.0
nominal,37.0,0.0,80.0,0.0,8.0,11.0,43.0,72.0,30.0
nominal,55.0,-1.0,79.0,-4.0,24.0,-9.0,23.0,55.0,32.0
nominal,56.0,0.0,77.0,0.0,-14.0,5.0,21.0,92.0,72.0
nominal,51.0,0.0,82.0,0.0,52.0,13.0,31.0,30.0,0.0
nominal,46.0,0.0,86.0,6.0,46.0,0.0,41.0,40.0,0.0
nominal,37.0,-1.0,82.0,-3.0,36.0,-26.0,45.0,46.0,2.0
nominal,43.0,0.0,95.0,-1.0,42.0,-12.0,52.0,54.0,2.0
nominal,55.0,-1.0,98.0,3.0,46.0,0.0,42.0,51.0,8.0
nominal,43.0,0.0,78.0,-2.0,42.0,-4.0,35.0,37.0,2.0
nominal,37.0,0.0,78.0,0.0,12.0,-4.0,41.0,65.0,24.0
nominal,37.0,0.0,80.0,0.0,20.0,21.0,43.0,59.0,16.0
nominal,56.0,0.0,91.0,-1.0,0.0,0.0,35.0,91.0,56.0
nominal,37.0,0.0,83.0,-3.0,34.0,11.0,46.0,50.0,4.0
nominal,80.0,0.0,84.0,0.0,-28.0,-8.0,4.0,112.0,108.0
nominal,37.0,0.0,76.0,0.0,28.0,7.0,39.0,47.0,8.0
nominal,56.0,0.0,78.0,0.0,10.0,10.0,22.0,68.0,46.0
nominal,55.0,0.0,77.0,5.0,30.0,0.0,22.0,46.0,24.0
nominal,57.0,4.0,83.0,0.0,56.0,0.0,26.0,26.0,0.0
nominal,54.0,-3.0,88.0,0.0,54.0,0.0,34.0,33.0,0.0
nominal,48.0,-1.0,79.0,0.0,46.0,0.0,30.0,32.0,2.0
nominal,37.0,0.0,81.0,0.0,24.0,-11.0,44.0,57.0,14.0
nominal,37.0,0.0,108.0,0.0,30.0,-10.0,71.0,77.0,6.0
nominal,46.0,0.0,81.0,0.0,44.0,-5.0,35.0,37.0,2.0
nominal,49.0,0.0,83.0,0.0,46.0,-10.0,34.0,36.0,2.0
nominal,37.0,0.0,75.0,0.0,34.0,-14.0,38.0,41.0,2.0
nominal,37.0,0.0,76.0,0.0,20.0,19.0,40.0,55.0,16.0
nominal,56.0,4.0,81.0,0.0,56.0,24.0,25.0,24.0,0.0
nominal,37.0,0.0,76.0,0.0,34.0,-19.0,40.0,43.0,2.0
nominal,56.0,0.0,95.0,0.0,42.0,-29.0,40.0,54.0,14.0
nominal,53.0,0.0,83.0,0.0,54.0,5.0,30.0,28.0,0.0
nominal,41.0,0.0,83.0,2.0,38.0,-6.0,42.0,44.0,2.0
nominal,37.0,0.0,76.0,0.0,26.0,-20.0,39.0,50.0,10.0
nominal,37.0,0.0,76.0,7.0,20.0,0.0,39.0,55.0,16.0
nominal,105.0,-2.0,106.0,-3.0,72.0,1.0,1.0,33.0,32.0
nominal,43.0,0.0,83.0,0.0,42.0,-23.0,40.0,42.0,2.0
nominal,64.0,0.0,110.0,0.0,62.0,-27.0,46.0,48.0,2.0
nominal,45.0,0.0,87.0,0.0,46.0,6.0,42.0,41.0,0.0
nominal,41.0,0.0,88.0,0.0,42.0,7.0,47.0,46.0,0.0
nominal,46.0,1.0,78.0,0.0,46.0,7.0,32.0,32.0,0.0
nominal,47.0,-2.0,80.0,0.0,46.0,0.0,33.0,34.0,0.0
nominal,38.0,2.0,76.0,0.0,38.0,8.0,38.0,37.0,0.0
nominal,48.0,0.0,88.0,0.0,46.0,-2.0,40.0,42.0,2.0
nominal,40.0,-5.0,79.0,1.0,38.0,0.0,38.0,40.0,2.0
nominal,49.0,0.0,81.0,0.0,50.0,5.0,32.0,32.0,0.0
nominal,55.0,0.0,93.0,0.0,2.0,-1.0,38.0,91.0,52.0
nominal,44.0,3.0,77.0,0.0,42.0,-20.0,33.0,35.0,2.0
nominal,56.0,0.0,81.0,0.0,6.0,20.0,25.0,75.0,50.0
nominal,55.0,0.0,97.0,0.0,46.0,5.0,41.0,50.0,8.0
nominal,37.0,0.0,76.0,0.0,28.0,9.0,40.0,48.0,8.0
nominal,45.0,0.0,86.0,6.0,44.0,-19.0,41.0,42.0,2.0
nominal,51.0,0.0,81.0,6.0,50.0,0.0,30.0,32.0,2.0
nominal,37.0,0.0,77.0,-5.0,34.0,0.0,40.0,43.0,4.0
nominal,56.0,0.0,78.0,0.0,42.0,-23.0,22.0,37.0,14.0
nominal,53.0,0.0,87.0,0.0,54.0,27.0,34.0,33.0,0.0
nominal,56.0,-1.0,92.0,0.0,56.0,3.0,36.0,35.0,0.0
nominal,53.0,0.0,86.0,2.0,54.0,0.0,33.0,32.0,0.0
nominal,36.0,-3.0,83.0,5.0,36.0,0.0,46.0,46.0,0.0
nominal,37.0,1.0,80.0,0.0,8.0,11.0,43.0,72.0,30.0
nominal,37.0,0.0,75.0,0.0,34.0,-5.0,38.0,41.0,2.0
nominal,42.0,0.0,76.0,-2.0,42.0,-4.0,34.0,35.0,0.0
nominal,46.0,2.0,83.0,0.0,46.0,4.0,37.0,36.0,0.0
nominal,55.0,0.0,78.0,0.0,44.0,-10.0,23.0,34.0,12.0
nominal,51.0,0.0,102.0,0.0,50.0,-23.0,51.0,53.0,2.0
nominal,37.0,0.0,80.0,0.0,6.0,-22.0,43.0,75.0,32.0
nominal,56.0,0.0,83.0,0.0,54.0,-7.0,27.0,28.0,2.0
nominal,83.0,0.0,86.0,0.0,-4.0,-4.0,4.0,92.0,88.0
nominal,55.0,0.0,97.0,-5.0,46.0,0.0,41.0,50.0,8.0
nominal,37.0,0.0,106.0,0.0,28.0,-19.0,68.0,77.0,8.0
nominal,43.0,0.0,83.0,-2.0,42.0,-4.0,40.0,42.0,2.0
nominal,55.0,0.0,77.0,-4.0,28.0,-17.0,21.0,48.0,28.0
nominal,37.0,0.0,96.0,0.0,34.0,1.0,59.0,62.0,4.0
nominal,43.0,0.0,81.0,-2.0,42.0,-1.0,37.0,39.0,2.0
nominal,56.0,3.0,97.0,0.0,54.0,-7.0,40.0,42.0,2.0
nominal,37.0,0.0,76.0,4.0,26.0,0.0,39.0,50.0,10.0
nominal,56.0,0.0,76.0,0.0,-12.0,4.0,20.0,89.0,68.0
nominal,46.0,0.0,86.0,0.0,46.0,3.0,40.0,39.0,0.0
nominal,42.0,0.0,80.0,2.0,42.0,0.0,38.0,39.0,0.0
nominal,76.0,4.0,81.0,2.0,-40.0,12.0,5.0,122.0,118.0
nominal,49.0,-1.0,87.0,0.0,50.0,3.0,38.0,38.0,0.0
nominal,46.0,0.0,79.0,4.0,46.0,0.0,33.0,32.0,0.0
nominal,38.0,1.0,93.0,0.0,28.0,1.0,55.0,64.0,10.0
nominal,37.0,0.0,80.0,0.0,8.0,-6.0,43.0,72.0,30.0
nominal,55.0,-5.0,82.0,0.0,56.0,30.0,26.0,25.0,0.0
nominal,49.0,-1.0,88.0,0.0,50.0,1.0,40.0,39.0,0.0
nominal,82.0,0.0,86.0,0.0,-40.0,5.0,4.0,128.0,124.0
nominal,37.0,0.0,75.0,7.0,24.0,22.0,38.0,52.0,14.0
nominal,43.0,1.0,83.0,0.0,42.0,0.0,40.0,42.0,2.0
nominal,56.0,0.0,96.0,-6.0,50.0,-9.0,40.0,47.0,6.0
nominal,55.0,0.0,96.0,5.0,38.0,0.0,41.0,57.0,16.0
nominal,90.0,-37.0,107.0,0.0,64.0,-23.0,17.0,42.0,26.0
nominal,55.0,0.0,96.0,-1.0,54.0,-2.0,41.0,42.0,2.0
nominal,49.0,0.0,95.0,-5.0,50.0,10.0,46.0,46.0,0.0
nominal,37.0,0.0,76.0,2.0,28.0,-6.0,39.0,47.0,8.0
nominal,41.0,1.0,82.0,0.0,42.0,16.0,41.0,41.0,0.0
nominal,55.0,0.0,82.0,0.0,-20.0,-15.0,26.0,103.0,76.0
nominal,37.0,0.0,99.0,0.0,28.0,-5.0,61.0,70.0,8.0
nominal,55.0,-4.0,83.0,0.0,54.0,0.0,28.0,28.0,0.0
nominal,56.0,0.0,97.0,0.0,42.0,-14.0,41.0,55.0,14.0
nominal,38.0,0.0,92.0,0.0,18.0,4.0,54.0,74.0,20.0
nominal,48.0,-2.0,81.0,-1.0,46.0,0.0,33.0,34.0,2.0
nominal,37.0,0.0,77.0,0.0,38.0,22.0,40.0,39.0,0.0
nominal,49.0,0.0,106.0,0.0,50.0,1.0,56.0,57.0,0.0
nominal,45.0,3.0,78.0,0.0,44.0,0.0,33.0,34.0,2.0
nominal,45.0,0.0,86.0,-4.0,46.0,14.0,41.0,40.0,0.0
nominal,38.0,1.0,86.0,0.0,38.0,8.0,49.0,48.0,0.0
nominal,56.0,0.0,96.0,0.0,50.0,-12.0,40.0,47.0,6.0
nominal,37.0,0.0,106.0,0.0,34.0,-30.0,69.0,72.0,4.0
nominal,55.0,0.0,80.0,0.0,-2.0,-1.0,25.0,83.0,58.0
nominal,45.0,3.0,93.0,0.0,46.0,27.0,48.0,47.0,0.0
nominal,37.0,0.0,97.0,0.0,18.0,-26.0,60.0,79.0,18.0
nominal,55.0,-1.0,98.0,0.0,42.0,29.0,42.0,57.0,14.0
nominal,47.0,1.0,84.0,-5.0,46.0,0.0,37.0,38.0,0.0
nominal,45.0,5.0,78.0,0.0,44.0,0.0,34.0,34.0,0.0
nominal,43.0,0.0,76.0,0.0,44.0,28.0,33.0,32.0,0.0
nominal,56.0,0.0,98.0,0.0,52.0,18.0,42.0,46.0,4.0
nominal,38.0,0.0,97.0,0.0,38.0,3.0,59.0,59.0,0.0
nominal,37.0,1.0,79.0,0.0,20.0,15.0,41.0,58.0,16.0
nominal,43.0,-3.0,76.0,0.0,42.0,-12.0,32.0,34.0,2.0
nominal,55.0,0.0,95.0,0.0,50.0,-5.0,40.0,46.0,6.0
nominal,55.0,-2.0,98.0,0.0,46.0,12.0,42.0,51.0,8.0
nominal,37.0,-27.0,77.0,0.0,20.0,0.0,40.0,57.0,16.0
nominal,56.0,0.0,77.0,0.0,-18.0,6.0,21.0,95.0,74.0
nominal,37.0,0.0,78.0,-1.0,12.0,-2.0,41.0,65.0,24.0
nominal,53.0,0.0,81.0,0.0,54.0,0.0,28.0,27.0,0.0
nominal,55.0,0.0,98.0,0.0,52.0,19.0,42.0,46.0,4.0
nominal,56.0,4.0,97.0,-5.0,46.0,0.0,41.0,51.0,10.0
nominal,37.0,0.0,76.0,2.0,34.0,-17.0,39.0,43.0,4.0
nominal,43.0,0.0,79.0,0.0,44.0,18.0,36.0,35.0,0.0
nominal,37.0,0.0,82.0,0.0,20.0,22.0,45.0,61.0,16.0
nominal,101.0,0.0,102.0,0.0,72.0,15.0,1.0,30.0,28.0
nominal,38.0,0.0,102.0,-2.0,34.0,0.0,65.0,69.0,4.0
nominal,51.0,-3.0,81.0,0.0,50.0,-12.0,30.0,32.0,2.0
nominal,37.0,0.0,76.0,-2.0,20.0,-4.0,40.0,55.0,16.0
nominal,49.0,1.0,83.0,0.0,46.0,0.0,34.0,37.0,2.0
nominal,43.0,0.0,86.0,0.0,42.0,-3.0,42.0,44.0,2.0
nominal,41.0,-3.0,82.0,0.0,38.0,-17.0,41.0,43.0,2.0
nominal,46.0,0.0,77.0,8.0,46.0,4.0,31.0,30.0,0.0
nominal,55.0,0.0,77.0,0.0,2.0,4.0,22.0,75.0,52.0
nominal,55.0,0.0,79.0,-2.0,-4.0,0.0,24.0,85.0,60.0
nominal,41.0,0.0,82.0,0.0,38.0,-22.0,41.0,43.0,2.0
nominal,44.0,2.0,77.0,7.0,44.0,1.0,33.0,33.0,0.0
nominal,37.0,3.0,83.0,1.0,34.0,0.0,45.0,49.0,4.0
nominal,37.0,0.0,78.0,0.0,8.0,2.0,41.0,70.0,30.0
nominal,48.0,0.0,88.0,0.0,46.0,-5.0,39.0,41.0,2.0
nominal,56.0,0.0,95.0,0.0,44.0,11.0,40.0,51.0,12.0
nominal,46.0,1.0,87.0,0.0,46.0,27.0,41.0,41.0,0.0
nominal,50.0,-1.0,88.0,-2.0,50.0,0.0,38.0,39.0,0.0
nominal,56.0,0.0,97.0,0.0,52.0,31.0,41.0,45.0,4.0
nominal,37.0,0.0,80.0,0.0,16.0,13.0,43.0,65.0,22.0
nominal,37.0,0.0,76.0,-7.0,12.0,0.0,39.0,63.0,24.0
nominal,56.0,0.0,98.0,2.0,52.0,0.0,42.0,46.0,4.0
nominal,56.0,3.0,84.0,0.0,56.0,0.0,28.0,28.0,0.0
nominal,46.0,0.0,82.0,0.0,46.0,0.0,36.0,35.0,0.0
nominal,45.0,0.0,86.0,2.0,46.0,31.0,41.0,40.0,0.0
nominal,41.0,1.0,81.0,0.0,42.0,11.0,39.0,39.0,0.0
nominal,40.0,0.0,109.0,4.0,38.0,0.0,69.0,71.0,2.0
nominal,37.0,0.0,81.0,0.0,10.0,8.0,44.0,70.0,26.0
nominal,49.0,0.0,81.0,0.0,50.0,4.0,33.0,32.0,0.0
nominal,38.0,0.0,77.0,0.0,36.0,-21.0,40.0,41.0,2.0
nominal,37.0,0.0,79.0,2.0,12.0,0.0,42.0,66.0,24.0
nominal,49.0,5.0,85.0,0.0,46.0,0.0,36.0,39.0,2.0
nominal,38.0,1.0,102.0,0.0,38.0,1.0,64.0,63.0,0.0
nominal,56.0,0.0,79.0,2.0,16.0,27.0,23.0,63.0,40.0
nominal,43.0,0.0,82.0,-6.0,42.0,-4.0,39.0,41.0,2.0
nominal,44.0,0.0,85.0,0.0,44.0,19.0,41.0,41.0,0.0
nominal,37.0,0.0,81.0,0.0,10.0,-25.0,45.0,71.0,26.0
nominal,56.0,0.0,86.0,0.0,56.0,5.0,30.0,29.0,0.0
nominal,43.0,3.0,83.0,0.0,42.0,0.0,39.0,41.0,2.0
nominal,46.0,5.0,77.0,0.0,46.0,11.0,32.0,31.0,0.0
nominal,45.0,1.0,102.0,0.0,44.0,0.0,57.0,58.0,2.0
nominal,55.0,0.0,77.0,0.0,12.0,19.0,21.0,64.0,42.0
nominal,37.0,0.0,100.0,0.0,30.0,-5.0,64.0,69.0,6.0
nominal,45.0,0.0,84.0,0.0,44.0,-19.0,39.0,41.0,2.0
nominal,56.0,0.0,77.0,0.0,46.0,2.0,22.0,31.0,10.0
nominal,56.0,0.0,97.0,0.0,44.0,-5.0,41.0,53.0,12.0
nominal,38.0,0.0,76.0,-6.0,38.0,0.0,38.0,37.0,0.0
nominal,37.0,0.0,76.0,0.0,34.0,9.0,39.0,42.0,2.0
nominal,38.0,0.0,92.0,0.0,24.0,3.0,54.0,69.0,14.0
nominal,43.0,0.0,76.0,0.0,44.0,22.0,33.0,32.0,0.0
nominal,52.0,-2.0,82.0,0.0,52.0,0.0,30.0,30.0,0.0
nominal,37.0,0.0,74.0,0.0,30.0,18.0,37.0,43.0,6.0
nominal,55.0,0.0,95.0,0.0,34.0,-12.0,40.0,62.0,22.0
nominal,49.0,0.0,77.0,0.0,50.0,7.0,28.0,28.0,0.0
nominal,37.0,-2.0,76.0,0.0,38.0,31.0,39.0,37.0,0.0
nominal,37.0,0.0,74.0,0.0,24.0,2.0,37.0,51.0,14.0
nominal,55.0,0.0,86.0,-6.0,54.0,0.0,31.0,32.0,0.0
nominal,43.0,0.0,83.0,2.0,42.0,0.0,39.0,41.0,2.0
nominal,45.0,0.0,81.0,0.0,44.0,0.0,36.0,37.0,0.0
nominal,46.0,4.0,79.0,0.0,44.0,-16.0,33.0,35.0,2.0
nominal,55.0,0.0,77.0,0.0,-6.0,-8.0,21.0,85.0,64.0
nominal,53.0,2.0,82.0,0.0,52.0,-10.0,29.0,30.0,2.0
nominal,55.0,-1.0,97.0,-7.0,50.0,0.0,42.0,48.0,6.0
nominal,42.0,-3.0,78.0,0.0,42.0,0.0,37.0,37.0,0.0
nominal,42.0,0.0,84.0,8.0,42.0,0.0,43.0,43.0,0.0
nominal,52.0,0.0,82.0,0.0,52.0,0.0,29.0,30.0,0.0
nominal,37.0,0.0,101.0,0.0,28.0,-3.0,64.0,73.0,8.0
nominal,41.0,0.0,77.0,0.0,42.0,17.0,36.0,35.0,0.0
nominal,44.0,0.0,75.0,-2.0,42.0,-23.0,31.0,34.0,2.0
nominal,82.0,0.0,86.0,0.0,-40.0,2.0,5.0,128.0,124.0
nominal,38.0,0.0,76.0,0.0,38.0,0.0,38.0,37.0,0.0
nominal,37.0,5.0,77.0,0.0,-22.0,27.0,40.0,101.0,60.0
nominal,51.0,0.0,83.0,0.0,52.0,25.0,32.0,31.0,0.0
nominal,55.0,-1.0,108.0,5.0,54.0,-6.0,53.0,54.0,2.0
nominal,47.0,0.0,90.0,4.0,46.0,0.0,42.0,43.0,0.0
nominal,37.0,0.0,74.0,0.0,30.0,9.0,37.0,43.0,6.0
nominal,55.0,0.0,77.0,0.0,-2.0,-17.0,21.0,79.0,58.0
nominal,43.0,0.0,87.0,4.0,42.0,0.0,44.0,46.0,2.0
nominal,43.0,0.0,86.0,0.0,42.0,-4.0,42.0,44.0,2.0
nominal,46.0,1.0,80.0,-6.0,46.0,9.0,34.0,34.0,0.0
nominal,56.0,0.0,97.0,1.0,54.0,0.0,41.0,43.0,2.0
nominal,51.0,0.0,81.0,-4.0,52.0,2.0,30.0,30.0,0.0
nominal,55.0,0.0,96.0,1.0,52.0,0.0,41.0,44.0,4.0
nominal,46.0,0.0,77.0,0.0,44.0,-25.0,31.0,33.0,2.0
nominal,37.0,0.0,97.0,6.0,34.0,0.0,60.0,64.0,4.0
nominal,46.0,5.0,83.0,0.0,46.0,23.0,37.0,36.0,0.0
nominal,40.0,1.0,77.0,0.0,38.0,0.0,37.0,39.0,2.0
nominal,46.0,-1.0,100.0,2.0,46.0,0.0,54.0,54.0,0.0
nominal,83.0,-1.0,86.0,0.0,-4.0,-8.0,4.0,92.0,88.0
nominal,39.0,1.0,78.0,3.0,38.0,0.0,39.0,39.0,0.0
nominal,46.0,0.0,82.0,0.0,46.0,9.0,36.0,35.0,0.0
nominal,37.0,0.0,76.0,0.0,34.0,-29.0,40.0,43.0,2.0
nominal,37.0,0.0,94.0,0.0,16.0,15.0,57.0,79.0,22.0
nominal,37.0,0.0,83.0,2.0,26.0,0.0,46.0,57.0,12.0
nominal,37.0,0.0,77.0,0.0,2.0,28.0,40.0,74.0,34.0
nominal,44.0,0.0,79.0,0.0,42.0,-26.0,35.0,37.0,2.0
nominal,37.0,0.0,106.0,1.0,28.0,-21.0,69.0,78.0,8.0
nominal,58.0,-2.0,91.0,0.0,56.0,0.0,33.0,34.0,0.0
nominal,55.0,0.0,77.0,0.0,-18.0,0.0,21.0,95.0,74.0
nominal,40.0,-2.0,84.0,0.0,38.0,0.0,45.0,46.0,2.0
nominal,41.0,0.0,79.0,1.0,42.0,22.0,38.0,37.0,0.0
nominal,55.0,0.0,77.0,0.0,24.0,-12.0,21.0,54.0,32.0
nominal,37.0,0.0,78.0,0.0,2.0,-19.0,41.0,75.0,34.0
nominal,53.0,1.0,81.0,0.0,52.0,-6.0,28.0,30.0,2.0
nominal,49.0,0.0,79.0,0.0,46.0,-19.0,31.0,33.0,2.0
nominal,41.0,4.0,83.0,0.0,42.0,5.0,41.0,41.0,0.0
nominal,37.0,0.0,77.0,0.0,8.0,-7.0,40.0,69.0,30.0
nominal,37.0,0.0,79.0,0.0,34.0,0.0,41.0,45.0,4.0
nominal,47.0,3.0,79.0,0.0,46.0,0.0,32.0,32.0,0.0
nominal,56.0,0.0,97.0,6.0,54.0,0.0,41.0,42.0,2.0
nominal,52.0,5.0,85.0,0.0,52.0,0.0,33.0,33.0,0.0
nominal,41.0,0.0,83.0,0.0,42.0,27.0,42.0,41.0,0.0
nominal,46.0,5.0,79.0,0.0,46.0,0.0,33.0,32.0,0.0
nominal,48.0,4.0,87.0,0.0,46.0,0.0,39.0,41.0,2.0
nominal,37.0,-4.0,77.0,0.0,20.0,0.0,40.0,56.0,16.0
nominal,44.0,0.0,79.0,0.0,42.0,-23.0,35.0,37.0,2.0
nominal,49.0,0.0,84.0,0.0,50.0,1.0,35.0,35.0,0.0
nominal,41.0,1.0,93.0,0.0,42.0,4.0,52.0,52.0,0.0
nominal,55.0,0.0,77.0,0.0,18.0,-28.0,22.0,59.0,38.0
nominal,37.0,0.0,78.0,1.0,12.0,6.0,42.0,65.0,24.0
nominal,43.0,0.0,86.0,0.0,42.0,-22.0,42.0,44.0,2.0
nominal,37.0,0.0,106.0,0.0,38.0,16.0,68.0,67.0,0.0
nominal,37.0,0.0,83.0,0.0,10.0,-16.0,46.0,72.0,26.0
nominal,44.0,0.0,80.0,0.0,44.0,9.0,36.0,36.0,0.0
nominal,37.0,0.0,77.0,8.0,30.0,3.0,41.0,46.0,6.0
nominal,55.0,8.0,95.0,0.0,50.0,0.0,41.0,46.0,6.0
nominal,37.0,0.0,106.0,0.0,20.0,-12.0,69.0,85.0,16.0
nominal,55.0,0.0,98.0,0.0,52.0,27.0,42.0,46.0,4.0
nominal,37.0,-1.0,76.0,0.0,36.0,-9.0,39.0,40.0,2.0
nominal,79.0,0.0,83.0,0.0,-42.0,1.0,4.0,127.0,122.0
nominal,51.0,-1.0,79.0,0.0,50.0,-30.0,27.0,30.0,2.0
nominal,41.0,0.0,97.0,-2.0,42.0,15.0,56.0,55.0,0.0
nominal,41.0,-4.0,80.0,0.0,42.0,20.0,39.0,39.0,0.0
nominal,56.0,0.0,78.0,0.0,8.0,31.0,22.0,70.0,48.0
nominal,44.0,-1.0,81.0,0.0,44.0,4.0,38.0,37.0,0.0
nominal,44.0,0.0,87.0,1.0,44.0,1.0,43.0,43.0,0.0
nominal,37.0,0.0,74.0,0.0,28.0,1.0,38.0,46.0,8.0
nominal,37.0,0.0,79.0,0.0,26.0,-26.0,42.0,53.0,12.0
nominal,53.0,0.0,86.0,0.0,52.0,-17.0,33.0,35.0,2.0
nominal,39.0,0.0,79.0,5.0,38.0,0.0,41.0,41.0,0.0
nominal,37.0,0.0,77.0,0.0,6.0,-1.0,40.0,72.0,32.0
nominal,41.0,0.0,80.0,0.0,38.0,-4.0,39.0,41.0,2.0
nominal,44.0,2.0,76.0,0.0,44.0,6.0,32.0,32.0,0.0
nominal,37.0,0.0,76.0,0.0,24.0,7.0,40.0,53.0,14.0
nominal,41.0,1.0,97.0,0.0,38.0,-16.0,56.0,59.0,2.0
nominal,55.0,1.0,83.0,0.0,54.0,0.0,28.0,29.0,0.0
nominal,102.0,2.0,103.0,1.0,72.0,29.0,1.0,31.0,30.0
nominal,37.0,4.0,80.0,0.0,36.0,0.0,43.0,44.0,2.0
nominal,37.0,0.0,90.0,0.0,34.0,-24.0,53.0,57.0,4.0
nominal,37.0,0.0,78.0,0.0,12.0,28.0,41.0,65.0,24.0
nominal,101.0,0.0,102.0,-7.0,72.0,0.0,1.0,29.0,28.0
nominal,43.0,-5.0,81.0,6.0,42.0,0.0,38.0,40.0,2.0
nominal,55.0,5.0,79.0,0.0,54.0,0.0,25.0,25.0,0.0
nominal,37.0,0.0,90.0,0.0,36.0,-9.0,52.0,53.0,2.0
nominal,37.0,0.0,104.0,4.0,28.0,0.0,67.0,76.0,8.0
nominal,55.0,0.0,78.0,1.0,26.0,0.0,23.0,52.0,30.0
nominal,49.0,0.0,95.0,-2.0,50.0,2.0,46.0,46.0,0.0
nominal,43.0,-2.0,84.0,0.0,42.0,-21.0,41.0,43.0,2.0
nominal,55.0,0.0,77.0,0.0,-4.0,-2.0,21.0,82.0,60.0
nominal,37.0,0.0,77.0,0.0,-14.0,23.0,40.0,92.0,52.0
nominal,41.0,0.0,108.0,-4.0,42.0,18.0,66.0,66.0,0.0
nominal,37.0,0.0,80.0,7.0,10.0,9.0,43.0,70.0,26.0
nominal,37.0,0.0,97.0,-3.0,18.0,-4.0,60.0,79.0,18.0
nominal,43.0,-3.0,77.0,0.0,42.0,-9.0,34.0,36.0,2.0
nominal,51.0,0.0,86.0,0.0,52.0,8.0,36.0,35.0,0.0
nominal,37.0,0.0,78.0,0.0,20.0,-6.0,41.0,57.0,16.0
nominal,46.0,-1.0,78.0,-3.0,46.0,-20.0,32.0,32.0,0.0
nominal,50.0,1.0,85.0,-5.0,50.0,0.0,35.0,36.0,0.0
nominal,41.0,0.0,80.0,0.0,42.0,14.0,39.0,39.0,0.0
nominal,59.0,0.0,108.0,-2.0,56.0,-17.0,49.0,51.0,2.0
nominal,37.0,0.0,77.0,0.0,36.0,-3.0,40.0,41.0,2.0
nominal,55.0,0.0,77.0,-3.0,18.0,2.0,22.0,59.0,38.0
nominal,44.0,2.0,76.0,0.0,44.0,13.0,32.0,32.0,0.0
nominal,56.0,1.0,95.0,0.0,34.0,0.0,40.0,62.0,22.0
nominal,57.0,0.0,86.0,0.0,56.0,0.0,30.0,30.0,0.0
nominal,56.0,0.0,95.0,0.0,38.0,-3.0,40.0,57.0,18.0
nominal,37.0,0.0,79.0,0.0,36.0,7.0,42.0,43.0,2.0
nominal,58.0,0.0,83.0,2.0,56.0,0.0,25.0,26.0,0.0
nominal,37.0,0.0,103.0,0.0,30.0,21.0,66.0,72.0,6.0
nominal,51.0,0.0,88.0,0.0,52.0,8.0,36.0,36.0,0.0
nominal,56.0,-1.0,97.0,0.0,46.0,-3.0,41.0,50.0,10.0
nominal,47.0,-4.0,84.0,0.0,46.0,0.0,36.0,37.0,0.0
nominal,37.0,0.0,81.0,-7.0,28.0,15.0,45.0,53.0,8.0
nominal,37.0,-1.0,104.0,0.0,24.0,0.0,67.0,80.0,14.0
nominal,43.0,0.0,81.0,5.0,42.0,-2.0,37.0,39.0,2.0
nominal,56.0,0.0,96.0,0.0,42.0,11.0,40.0,55.0,14.0
nominal,37.0,-2.0,82.0,0.0,36.0,0.0,45.0,46.0,0.0
nominal,46.0,0.0,77.0,0.0,46.0,9.0,32.0,31.0,0.0
nominal,83.0,0.0,86.0,0.0,-2.0,26.0,4.0,89.0,86.0
nominal,40.0,0.0,79.0,6.0,38.0,0.0,39.0,41.0,2.0
nominal,104.0,3.0,105.0,6.0,70.0,0.0,1.0,35.0,34.0
nominal,56.0,0.0,98.0,0.0,44.0,-3.0,42.0,54.0,12.0
nominal,53.0,-2.0,108.0,0.0,54.0,0.0,55.0,54.0,0.0
nominal,45.0,0.0,79.0,0.0,44.0,-19.0,34.0,35.0,2.0
nominal,37.0,0.0,95.0,-1.0,18.0,0.0,58.0,77.0,18.0
nominal,37.0,0.0,81.0,-4.0,20.0,0.0,44.0,61.0,16.0
nominal,45.0,0.0,93.0,0.0,44.0,0.0,48.0,50.0,2.0
nominal,56.0,-1.0,97.0,0.0,44.0,-4.0,41.0,53.0,12.0
nominal,49.0,-1.0,84.0,0.0,50.0,11.0,36.0,35.0,0.0
nominal,37.0,0.0,79.0,0.0,6.0,-9.0,42.0,74.0,32.0
nominal,37.0,0.0,76.0,1.0,26.0,10.0,39.0,50.0,12.0
nominal,46.0,2.0,79.0,0.0,44.0,-24.0,33.0,35.0,2.0
nominal,54.0,3.0,83.0,0.0,54.0,0.0,28.0,28.0,0.0
nominal,56.0,0.0,107.0,0.0,54.0,-15.0,51.0,53.0,2.0
nominal,51.0,0.0,90.0,0.0,52.0,14.0,38.0,38.0,0.0
nominal,37.0,0.0,77.0,0.0,36.0,-21.0,40.0,41.0,2.0
nominal,59.0,0.0,86.0,0.0,56.0,-23.0,28.0,30.0,2.0
nominal,44.0,0.0,86.0,0.0,44.0,8.0,42.0,42.0,0.0
nominal,81.0,0.0,86.0,5.0,-40.0,5.0,5.0,127.0,122.0
nominal,37.0,0.0,83.0,0.0,36.0,13.0,46.0,46.0,0.0
nominal,45.0,-4.0,86.0,0.0,44.0,-1.0,41.0,42.0,2.0
nominal,43.0,-4.0,84.0,0.0,42.0,-23.0,41.0,43.0,2.0
nominal,49.0,2.0,80.0,0.0,46.0,-17.0,31.0,34.0,2.0
nominal,52.0,0.0,86.0,0.0,52.0,0.0,35.0,35.0,0.0
nominal,58.0,0.0,85.0,2.0,56.0,0.0,28.0,28.0,0.0
nominal,44.0,0.0,86.0,0.0,44.0,7.0,43.0,42.0,0.0
nominal,37.0,-5.0,76.0,0.0,36.0,-23.0,38.0,39.0,2.0
nominal,56.0,0.0,95.0,0.0,46.0,-11.0,40.0,49.0,10.0
nominal,80.0,0.0,84.0,0.0,-42.0,0.0,5.0,128.0,124.0
nominal,50.0,0.0,87.0,-3.0,50.0,-4.0,37.0,38.0,0.0
nominal,45.0,4.0,102.0,0.0,44.0,-2.0,57.0,58.0,2.0
nominal,82.0,0.0,86.0,-1.0,-40.0,0.0,4.0,128.0,124.0
nominal,50.0,-3.0,81.0,5.0,50.0,0.0,32.0,32.0,0.0
nominal,85.0,7.0,89.0,0.0,8.0,22.0,4.0,81.0,78.0
nominal,37.0,0.0,79.0,0.0,24.0,19.0,42.0,55.0,14.0
nominal,46.0,1.0,81.0,0.0,46.0,8.0,35.0,34.0,0.0
nominal,53.0,0.0,86.0,-3.0,54.0,7.0,33.0,32.0,0.0
nominal,49.0,3.0,95.0,0.0,46.0,-9.0,47.0,49.0,2.0
nominal,37.0,0.0,103.0,0.0,34.0,31.0,66.0,69.0,4.0
nominal,37.0,0.0,81.0,0.0,8.0,-9.0,44.0,73.0,28.0
nominal,56.0,0.0,96.0,0.0,38.0,-4.0,40.0,57.0,18.0
nominal,45.0,-1.0,106.0,-2.0,44.0,0.0,61.0,62.0,2.0
nominal,52.0,5.0,88.0,0.0,52.0,0.0,37.0,37.0,0.0
nominal,41.0,-4.0,79.0,0.0,42.0,8.0,38.0,37.0,0.0
nominal,44.0,0.0,81.0,6.0,44.0,17.0,38.0,37.0,0.0
nominal,41.0,-4.0,78.0,0.0,42.0,0.0,37.0,37.0,0.0
nominal,46.0,0.0,77.0,0.0,44.0,-24.0,32.0,34.0,2.0
nominal,49.0,4.0,83.0,0.0,46.0,-30.0,34.0,37.0,2.0
nominal,44.0,-2.0,89.0,0.0,44.0,0.0,45.0,45.0,0.0
nominal,56.0,1.0,87.0,3.0,56.0,12.0,31.0,30.0,0.0
nominal,44.0,0.0,81.0,-1.0,44.0,2.0,37.0,37.0,0.0
nominal,51.0,0.0,88.0,5.0,52.0,8.0,36.0,36.0,0.0
nominal,56.0,0.0,77.0,0.0,0.0,13.0,21.0,77.0,56.0
nominal,37.0,-2.0,76.0,0.0,28.0,0.0,40.0,48.0,8.0
nominal,46.0,1.0,86.0,0.0,46.0,0.0,41.0,40.0,0.0
nominal,47.0,3.0,95.0,3.0,46.0,0.0,48.0,49.0,0.0
nominal,46.0,-1.0,83.0,0.0,46.0,4.0,37.0,37.0,0.0
nominal,47.0,-2.0,78.0,-1.0,46.0,0.0,31.0,32.0,0.0
nominal,42.0,4.0,77.0,-1.0,42.0,0.0,36.0,36.0,0.0
nominal,37.0,2.0,77.0,0.0,0.0,31.0,39.0,77.0,38.0
nominal,40.0,3.0,76.0,0.0,38.0,0.0,36.0,37.0,2.0
nominal,44.0,0.0,81.0,-7.0,44.0,0.0,38.0,37.0,0.0
nominal,45.0,0.0,77.0,0.0,46.0,24.0,31.0,30.0,0.0
nominal,48.0,-4.0,109.0,0.0,46.0,0.0,62.0,63.0,2.0
nominal,37.0,0.0,79.0,0.0,34.0,-13.0,42.0,46.0,4.0
nominal,52.0,-2.0,88.0,1.0,52.0,-2.0,35.0,36.0,0.0
nominal,81.0,-4.0,86.0,-4.0,-40.0,0.0,4.0,127.0,122.0
nominal,53.0,1.0,84.0,0.0,52.0,-10.0,31.0,32.0,2.0
nominal,39.0,5.0,93.0,1.0,34.0,0.0,54.0,60.0,6.0
nominal,45.0,0.0,76.0,0.0,44.0,-14.0,30.0,32.0,2.0
nominal,43.0,-4.0,81.0,0.0,42.0,0.0,38.0,40.0,2.0
nominal,55.0,0.0,79.0,0.0,12.0,5.0,23.0,66.0,42.0
nominal,44.0,0.0,86.0,5.0,42.0,-28.0,43.0,45.0,2.0
nominal,37.0,0.0,76.0,-3.0,34.0,-21.0,38.0,42.0,4.0
nominal,56.0,0.0,78.0,8.0,0.0,0.0,22.0,78.0,56.0
nominal,53.0,-2.0,80.0,0.0,52.0,-25.0,27.0,28.0,2.0
nominal,37.0,0.0,81.0,-2.0,30.0,0.0,45.0,50.0,6.0
nominal,52.0,-4.0,88.0,0.0,52.0,0.0,35.0,36.0,0.0
nominal,58.0,3.0,86.0,0.0,56.0,0.0,27.0,29.0,2.0
nominal,53.0,0.0,81.0,1.0,52.0,-2.0,28.0,30.0,2.0
nominal,63.0,0.0,112.0,4.0,62.0,0.0,49.0,50.0,0.0
nominal,37.0,0.0,76.0,-4.0,28.0,-21.0,39.0,47.0,8.0
nominal,43.0,-4.0,109.0,0.0,42.0,0.0,66.0,67.0,2.0
nominal,55.0,0.0,79.0,-1.0,-4.0,0.0,24.0,85.0,60.0
nominal,41.0,0.0,86.0,0.0,42.0,9.0,46.0,45.0,0.0
nominal,47.0,-5.0,85.0,0.0,46.0,0.0,38.0,39.0,0.0
nominal,37.0,0.0,79.0,0.0,24.0,5.0,42.0,55.0,14.0
nominal,55.0,0.0,96.0,0.0,52.0,-1.0,41.0,44.0,4.0
nominal,45.0,0.0,76.0,0.0,46.0,14.0,31.0,30.0,0.0
nominal,37.0,0.0,79.0,3.0,10.0,-8.0,42.0,69.0,26.0
nominal,37.0,0.0,76.0,0.0,16.0,2.0,39.0,61.0,22.0
nominal,37.0,0.0,107.0,0.0,36.0,-12.0,69.0,71.0,2.0
nominal,56.0,3.0,97.0,0.0,44.0,0.0,41.0,53.0,12.0
nominal,41.0,0.0,89.0,2.0,38.0,-12.0,48.0,50.0,2.0
nominal,44.0,2.0,86.0,0.0,44.0,16.0,42.0,42.0,0.0
nominal,37.0,-1.0,40.0,-6.0,36.0,-10.0,4.0,4.0,0.0
nominal,52.0,4.0,85.0,0.0,52.0,0.0,33.0,33.0,0.0
nominal,44.0,-2.0,97.0,4.0,44.0,5.0,53.0,53.0,0.0
nominal,43.0,3.0,86.0,-3.0,42.0,0.0,43.0,45.0,2.0
nominal,37.0,0.0,83.0,-3.0,18.0,0.0,47.0,65.0,18.0
nominal,48.0,0.0,106.0,0.0,50.0,31.0,58.0,57.0,0.0
nominal,47.0,4.0,87.0,2.0,46.0,0.0,40.0,41.0,0.0
nominal,45.0,0.0,88.0,0.0,44.0,-14.0,43.0,44.0,2.0
nominal,37.0,0.0,94.0,0.0,10.0,-7.0,57.0,84.0,26.0
nominal,45.0,-1.0,77.0,0.0,44.0,-8.0,31.0,33.0,2.0
nominal,37.0,0.0,74.0,-1.0,20.0,-11.0,37.0,54.0,16.0
nominal,37.0,0.0,77.0,0.0,2.0,15.0,40.0,74.0,34.0
nominal,37.0,-84.0,106.0,0.0,34.0,0.0,69.0,72.0,4.0
nominal,37.0,0.0,78.0,0.0,8.0,25.0,41.0,70.0,30.0
nominal,44.0,0.0,76.0,-1.0,44.0,-2.0,31.0,32.0,0.0
nominal,42.0,1.0,83.0,-3.0,42.0,0.0,41.0,41.0,0.0
nominal,47.0,-1.0,88.0,-6.0,46.0,-9.0,41.0,41.0,0.0
nominal,37.0,0.0,86.0,0.0,36.0,-14.0,48.0,50.0,2.0
nominal,49.0,-5.0,88.0,0.0,50.0,0.0,39.0,39.0,0.0
nominal,51.0,-2.0,82.0,0.0,52.0,0.0,31.0,30.0,0.0
nominal,44.0,0.0,81.0,-1.0,44.0,1.0,38.0,37.0,0.0
nominal,101.0,1.0,102.0,5.0,72.0,8.0,1.0,30.0,28.0
nominal,80.0,0.0,84.0,0.0,-36.0,0.0,4.0,120.0,116.0
nominal,47.0,-5.0,79.0,-7.0,46.0,0.0,32.0,32.0,0.0
nominal,52.0,-2.0,81.0,0.0,52.0,-2.0,29.0,30.0,0.0
nominal,39.0,3.0,81.0,-2.0,38.0,0.0,41.0,42.0,0.0
nominal,43.0,-2.0,81.0,0.0,42.0,-11.0,38.0,40.0,2.0
nominal,38.0,0.0,86.0,0.0,38.0,10.0,48.0,47.0,0.0
nominal,37.0,0.0,79.0,0.0,2.0,-12.0,42.0,76.0,34.0
nominal,41.0,0.0,84.0,0.0,42.0,1.0,43.0,43.0,0.0
nominal,44.0,-1.0,81.0,7.0,44.0,0.0,37.0,37.0,0.0
nominal,56.0,0.0,90.0,0.0,54.0,-26.0,34.0,35.0,2.0
nominal,85.0,-2.0,89.0,0.0,2.0,-6.0,4.0,86.0,82.0
nominal,51.0,0.0,88.0,0.0,50.0,-20.0,36.0,39.0,2.0
nominal,102.0,0.0,103.0,0.0,70.0,-26.0,1.0,33.0,32.0
nominal,52.0,2.0,86.0,0.0,52.0,0.0,34.0,34.0,0.0
nominal,55.0,0.0,99.0,0.0,50.0,11.0,43.0,49.0,6.0
nominal,49.0,0.0,85.0,0.0,50.0,16.0,36.0,36.0,0.0
nominal,85.0,0.0,89.0,0.0,2.0,-10.0,4.0,86.0,82.0
nominal,37.0,0.0,97.0,6.0,10.0,0.0,59.0,86.0,28.0
nominal,53.0,0.0,81.0,-6.0,54.0,11.0,28.0,27.0,0.0
nominal,56.0,0.0,79.0,-6.0,6.0,-4.0,24.0,74.0,50.0
nominal,82.0,-1.0,86.0,0.0,-4.0,-8.0,3.0,91.0,88.0
nominal,48.0,0.0,100.0,0.0,46.0,0.0,53.0,54.0,2.0
nominal,47.0,-4.0,81.0,3.0,46.0,0.0,34.0,35.0,0.0
nominal,54.0,3.0,78.0,0.0,54.0,0.0,24.0,24.0,0.0
nominal,43.0,5.0,83.0,1.0,42.0,0.0,40.0,42.0,2.0
nominal,37.0,0.0,104.0,0.0,16.0,-8.0,67.0,88.0,22.0
nominal,55.0,0.0,92.0,0.0,-6.0,-25.0,36.0,99.0,64.0
nominal,76.0,4.0,82.0,0.0,-42.0,-6.0,5.0,126.0,120.0
nominal,54.0,1.0,81.0,1.0,54.0,0.0,28.0,27.0,0.0
nominal,48.0,-3.0,110.0,0.0,46.0,-3.0,62.0,64.0,2.0
nominal,38.0,0.0,81.0,0.0,36.0,-29.0,43.0,45.0,2.0
nominal,37.0,0.0,80.0,0.0,30.0,18.0,43.0,49.0,6.0
nominal,48.0,0.0,86.0,2.0,46.0,0.0,37.0,39.0,2.0
nominal,39.0,-5.0,75.0,0.0,38.0,0.0,36.0,36.0,0.0
nominal,43.0,0.0,90.0,3.0,42.0,0.0,46.0,48.0,2.0
nominal,37.0,0.0,76.0,0.0,30.0,26.0,40.0,45.0,6.0
nominal,53.0,2.0,87.0,0.0,52.0,0.0,34.0,35.0,2.0
nominal,45.0,1.0,85.0,6.0,44.0,0.0,40.0,41.0,2.0
nominal,41.0,-4.0,81.0,0.0,38.0,-25.0,41.0,43.0,2.0
nominal,62.0,0.0,109.0,0.0,62.0,3.0,47.0,47.0,0.0
nominal,56.0,0.0,87.0,3.0,56.0,0.0,31.0,30.0,0.0
nominal,53.0,-1.0,81.0,0.0,54.0,0.0,28.0,27.0,0.0
nominal,37.0,0.0,79.0,0.0,38.0,29.0,41.0,40.0,0.0
nominal,37.0,0.0,79.0,-3.0,36.0,-5.0,42.0,43.0,0.0
nominal,51.0,0.0,78.0,0.0,52.0,19.0,27.0,26.0,0.0
nominal,43.0,-2.0,77.0,1.0,42.0,-12.0,34.0,36.0,2.0
